id,employee_name,hired_date,department_id,job_id
150,Valentia Kellegher,2021-11-13 13:30:304,51
151,Jarrett Oluwatoyin,2021-02-11 21:25:178,34
152,Kori Foxton,2021-04-10 14:02:385,95
153,Truman Garriock,2021-09-08 13:11:2611,88
154,Lurette Erwin,2021-09-16 19:02:395,37
155,Jewel Valeri,2021-09-18 14:37:4911,60
156,Mikel Searby,2021-05-08 14:39:598,54
157,Kellia Barribal,,4,61
158,Rube Dockerty,2021-07-25 12:54:204,62
159,Gayleen Beslier,2021-11-18 11:53:157,46
160,GayleXXXen BesXXXlier,2021-11-18 11:53:15,46